{"returned_dict": {"loss": 0.07999321485674031, "r2": 0.6561752302466822, "status": "ok", "start_time": 1712829380.9015439, "duration": 85.70514416694641}, "current_params": {"N": 1200, "alpha": 1e-05, "iss": 1, "lr": 0.8028242932186688, "seed": 1234, "sr": 1.1529337592236697}}