{"returned_dict": {"loss": 0.04060203763829425, "r2": 0.6348703671630033, "status": "ok", "start_time": 1710929829.3276944, "duration": 174.3833601474762}, "current_params": {"N": 900, "alpha": 1e-05, "iss": 0.9, "lr": 0.36453999372827345, "seed": 1234, "sr": 0.7281951867012687}}