{"returned_dict": {"loss": 0.013433032118540654, "r2": 0.533285482841423, "status": "ok", "start_time": 1712674364.104041, "duration": 193.78053641319275}, "current_params": {"N": 900, "alpha": 1e-05, "iss": 1, "lr": 0.9862213949016526, "seed": 1234, "sr": 0.770534622847154}}