{"returned_dict": {"loss": 0.013235482495092621, "r2": 0.5428237863761716, "status": "ok", "start_time": 1712682136.9974444, "duration": 161.69316172599792}, "current_params": {"N": 1200, "alpha": 1e-05, "iss": 50, "lr": 0.5103053496657172, "seed": 1234, "sr": 0.7281951867012687}}