{"returned_dict": {"loss": 0.0785745358408625, "r2": 0.5790026405426052, "status": "ok", "start_time": 1712744820.9457805, "duration": 93.1178719997406}, "current_params": {"N": 900, "alpha": 1e-05, "iss": 10, "lr": 0.9450927332508057, "seed": 1234, "sr": 2.3028573868027133}}